seed,k,inertia,silhouette,elapsed_ms
42,3,739.0254217718589,0.9797305638729684,3951.5702724456787
43,3,739.0254217718589,0.9797305638729684,4154.451131820679
44,3,739.0254217718589,0.9797305638729684,3978.7213802337646
45,3,739.0254217718589,0.9797305638729684,3899.178981781006
46,3,739.0254217718589,0.9797305638729684,4100.0707149505615
