{
  "baseline": {
    "avg_input_rows": 66.66666666666667,
    "avg_output_rows": 0.0,
    "avg_batch_duration": 4682.111111111111,
    "avg_processing_delay": 0.0
  },
  "optimized": {
    "avg_input_rows": 22.22222222222222,
    "avg_output_rows": 0.0,
    "avg_batch_duration": 3618.3333333333335,
    "avg_processing_delay": 0.0
  },
  "speedup_duration": 1.2939966221403347,
  "speedup_delay": 1
}